{
    "camera_type": "perspective",
    "render_height": 540,
    "render_width": 960,
    "fps": 24,
    "seconds": 1,
    "smoothness_value": 0.5,
    "is_cycle": false,
    "crop": null,
    "camera_path": [
        {
            "camera_to_world": [
                1.0,
                0.0,
                0.0,
                0.0,
                0.0,
                0.7648421872844884,
                -0.644217687237691,
                -0.4,
                0.0,
                0.644217687237691,
                0.7648421872844884,
                0.0,
                0.0,
                0.0,
                0.0,
                1.0
            ],
            "fov": 50,
            "aspect": 1
        },
        {
            "camera_to_world": [
                0.9999875000260416,
                -0.0038241950022301244,
                0.003221075015003414,
                0.002024991562510547,
                0.004999979166692708,
                0.7648326267770651,
                -0.644209634533377,
                -0.4049949375105469,
                0.0,
                0.644217687237691,
                0.7648421872844884,
                0.0,
                0.0,
                0.0,
                0.0,
                1.0
            ],
            "fov": 50,
            "aspect": 1
        },
        {
            "camera_to_world": [
                0.9999500004166653,
                -0.00764829439978437,
                0.006442069503299217,
                0.0040999316670083325,
                0.009999833334166664,
                0.7648039454938074,
                -0.6441854766217523,
                -0.4099795001708328,
                0.0,
                0.644217687237691,
                0.7648421872844884,
                0.0,
                0.0,
                0.0,
                0.0,
                1.0
            ],
            "fov": 50,
            "aspect": 1
        },
        {
            "camera_to_world": [
                0.9998875021093593,
                -0.01147220259037697,
                0.009662902940192963,
                0.006224766565126158,
                0.014999437506328091,
                0.7647561441517459,
                -0.6441452141067633,
                -0.41495331337538416,
                0.0,
                0.644217687237691,
                0.7648421872844884,
                0.0,
                0.0,
                0.0,
                0.0,
                1.0
            ],
            "fov": 50,
            "aspect": 1
        },
        {
            "camera_to_world": [
                0.9998000066665778,
                -0.01529582397650232,
                0.01288349480501648,
                0.008399440011199895,
                0.01999866669333308,
                0.7646892239459114,
                -0.6440888479949708,
                -0.4199160027999627,
                0.0,
                0.644217687237691,
                0.7648421872844884,
                0.0,
                0.0,
                0.0,
                0.0,
                1.0
            ],
            "fov": 50,
            "aspect": 1
        },
        {
            "camera_to_world": [
                0.9996875162757027,
                -0.019119062967824913,
                0.016103764583140886,
                0.010623893263752742,
                0.024997395914712332,
                0.764603186549306,
                -0.6440163796955248,
                -0.4248671944171737,
                0.0,
                0.6442176872376911,
                0.7648421872844886,
                0.0,
                0.0,
                0.0,
                0.0,
                1.0
            ],
            "fov": 50,
            "aspect": 1
        },
        {
            "camera_to_world": [
                0.9995500337489875,
                -0.022941823983569094,
                0.019323631767989447,
                0.012898065087073135,
                0.02999550020249566,
                0.7644980341128598,
                -0.6439278110201287,
                -0.4298065145120647,
                0.0,
                0.644217687237691,
                0.7648421872844884,
                0.0,
                0.0,
                0.0,
                0.0,
                1.0
            ],
            "fov": 50,
            "aspect": 1
        },
        {
            "camera_to_world": [
                0.9993875625234886,
                -0.026764011454908577,
                0.022543015863050252,
                0.015221891752886248,
                0.034992854604336196,
                0.7643737692653784,
                -0.6438231441829951,
                -0.4347335896977176,
                0.0,
                0.644217687237691,
                0.7648421872844884,
                0.0,
                0.0,
                0.0,
                0.0,
                1.0
            ],
            "fov": 50,
            "aspect": 1
        },
        {
            "camera_to_world": [
                0.9992001066609779,
                -0.03058552982735564,
                0.02576183638388859,
                0.01759530704211903,
                0.03998933418663416,
                0.7642303951134765,
                -0.6437023818007894,
                -0.4396480469308303,
                0.0,
                0.644217687237691,
                0.7648421872844884,
                0.0,
                0.0,
                0.0,
                0.0,
                1.0
            ],
            "fov": 50,
            "aspect": 1
        },
        {
            "camera_to_world": [
                0.9989876708478425,
                -0.03440628356315001,
                0.028980012860159093,
                0.020018242246758806,
                0.044984814037660234,
                0.7640679152415003,
                -0.6435655268925647,
                -0.44454951352728994,
                0.0,
                0.644217687237691,
                0.7648421872844884,
                0.0,
                0.0,
                0.0,
                0.0,
                1.0
            ],
            "fov": 50,
            "aspect": 1
        },
        {
            "camera_to_world": [
                0.9987502603949664,
                -0.038226177143647296,
                0.032197464837617464,
                0.02249062617180525,
                0.049979169270678324,
                0.7638863337114384,
                -0.643412582879687,
                -0.44943761717773495,
                0.0,
                0.6442176872376911,
                0.7648421872844886,
                0.0,
                0.0,
                0.0,
                0.0,
                1.0
            ],
            "fov": 50,
            "aspect": 1
        },
        {
            "camera_to_world": [
                0.9984878812375984,
                -0.04204511507170694,
                0.035414111880131854,
                0.02501238513731582,
                0.05497227502706773,
                0.7636856550628192,
                -0.6432435535857479,
                -0.45431198596310735,
                0.0,
                0.644217687237691,
                0.7648421872844884,
                0.0,
                0.0,
                0.0,
                0.0,
                1.0
            ],
            "fov": 50,
            "aspect": 1
        },
        {
            "camera_to_world": [
                0.9982005399352042,
                -0.045863001874079636,
                0.038629873571693715,
                0.027583442980544517,
                0.059964006479444595,
                0.7634658843125989,
                -0.6430584432364717,
                -0.459172248370194,
                0.0,
                0.644217687237691,
                0.7648421872844884,
                0.0,
                0.0,
                0.0,
                0.0,
                1.0
            ],